title,summary,url,relevance,sentiment
Apple Shares Are Surging Friday: What You Need To Know - Apple  ( NASDAQ:AAPL ) ,"Apple Inc. AAPL shares are moving higher Friday. Here's what you need to know. What's Going On: The company is facing new accusations from Epic Games, the creator of ""Fortnite,"" over blocking its efforts to launch a game store on iPhones and iPads in Europe.",https://www.benzinga.com/news/24/07/39650896/apple-shares-are-surging-friday-what-you-need-to-know,0.92456,0.1949
Apple's New Artificial Intelligence  ( AI )  Features Could Push This Semiconductor Company to a $1 Trillion Valuation,"Apple is betting big on its own chips, and that means this all-important supplier stands to benefit.",https://www.fool.com/investing/2024/07/04/apples-new-artificial-intelligence-ai-features-cou/,0.828099,0.531006
"The Zacks Analyst Blog Highlights Apple, Alphabet Microsoft and Amazon","Apple, Alphabet Microsoft and Amazon are included in this Analyst Blog.",https://www.zacks.com/stock/news/2297088/the-zacks-analyst-blog-highlights-apple-alphabet-microsoft-and-amazon,0.793468,0.530607
Time to Take a Bite Out of Apple ETFs Now?,"The Apple (AAPL) stock, which has so far been a laggard in the artificial intelligence (AI) race, has picked up momentum.",https://www.zacks.com/stock/news/2297135/time-to-take-a-bite-out-of-apple-etfs-now,0.790287,0.372455
Apple Approves Epic Games' Marketplace App In Europe Amid Ongoing Feud - Apple  ( NASDAQ:AAPL ) ,"Apple Inc. AAPL has approved the marketplace app of Epic Games, the creator of ""Fortnite,"" for iPhones and iPads in Europe. This move comes amid a continuing conflict between the two tech behemoths.",https://www.benzinga.com/news/24/07/39654022/apple-approves-epic-games-marketplace-app-in-europe-amid-ongoing-feud,0.782378,-0.138696
Apple or Nvidia: Which Will Get to $4 Trillion First?,"Nvidia has been a growth beast of late, but investors shouldn't forget Apple's potential.",https://www.fool.com/investing/2024/07/04/apple-or-nvidia-which-will-get-to-4-trillion-first/,0.676859,0.433075
"Apple, Adobe, Qualcomm And More: CNBC's 'Final Trades' - Apple  ( NASDAQ:AAPL ) , Adobe  ( NASDAQ:ADBE ) ","On CNBC's ""Halftime Report Final Trades,"" Shannon Saccocia of NB Private Wealth named The Health Care Select Sector SPDR Fund XLV, saying that three sectors likely lead sales growth year-over-year during the second half of the year, energy, technology and health care.",https://www.benzinga.com/trading-ideas/long-ideas/24/07/39647113/apple-adobe-qualcomm-and-more-cnbcs-final-trades,0.664235,0.47459
"Fortnite Maker Epic Games Accuses Apple Of Blocking Its Game Store Launch - Apple  ( NASDAQ:AAPL ) , iShares U.S. Technology ETF  ( ARCA:IYW ) ","Epic Games, the creator of ""Fortnite,"" has accused tech giant Apple Inc. AAPL of obstructing its efforts to establish a games store on iPhones and iPads in Europe. This marks the latest development in the ongoing dispute over Apple's control of the iOS app ecosystem.",https://www.benzinga.com/news/24/07/39646883/fortnite-maker-epic-games-accuses-apple-of-blocking-its-game-store-launch,0.636698,-0.227759
"Apple and Tesla Are the Only ""Magnificent Seven"" Stocks Trailing the S&P 500 So Far This Year. Are They Worth Buying Now?",Are the two lagging members ready for a magnificent turnaround?,https://www.fool.com/investing/2024/07/06/apple-and-tesla-are-the-only-magnificent-seven-sto/,0.46494,0.446407
These 3 Companies Generate Significant Cash,"Companies boasting strong cash-generating abilities can be great investments, as they have plenty of cash to fuel growth, pay out dividends, and easily wipe out debt.",https://www.zacks.com/commentary/2297412/these-3-companies-generate-significant-cash,0.433877,0.385906
3 Warren Buffett Stocks to Hold Forever,Buffett has made a fortune by investing in the American consumer.,https://www.fool.com/investing/2024/07/03/3-warren-buffett-stocks-to-hold-forever/,0.431881,0.126064
"Zacks Investment Ideas feature highlights: Amazon, Apple, Alphabet and Nvidia","Amazon, Apple, Alphabet and Nvidia have been highlighted in this Investment Ideas article.",https://www.zacks.com/stock/news/2297083/zacks-investment-ideas-feature-highlights-amazon-apple-alphabet-and-nvidia,0.411176,0.397824
Market Break Out: 3 Leading Stocks to Buy Now,"The stock market continues to charge higher led by the best companies in the world - Apple, Amazon and Alphabet ...",https://www.zacks.com/commentary/2296734/market-break-out-3-leading-stocks-to-buy-now,0.388018,0.397179
OLED Display Leader Has Positive Catalysts Ahead,OLED Stock: Universal Display Has Positive Catalysts Investor's Business Daily ...,https://www.investors.com/news/technology/oled-stock-universal-display-has-positive-catalysts/,0.349329,0.379552
"Nvidia, Apple, Amazon, Google, Microsoft And Their Journeys: The Tech Icons That Put America On The World Stage - Apple  ( NASDAQ:AAPL ) , Amazon.com  ( NASDAQ:AMZN ) ","On July 4th, as Americans celebrate independence, it's also a time to reflect on the iconic companies that have shaped the nation's economy and global influence. From humble beginnings to global giants, these companies embody the essence of innovation, hard work, and the American Dream.",https://www.benzinga.com/news/24/07/39634868/nvidia-apple-amazon-google-microsoft-and-their-journeys-the-tech-icons-that-put-america-on-the-world,0.33514,0.203698
Alphabet  ( GOOGL )  to Aid Android Users With Messages App Upgrade,"Alphabet (GOOGL) is testing an RCS redesign for the Google Messages app, thereby boosting its Android offerings.",https://www.zacks.com/stock/news/2297289/alphabet-googl-to-aid-android-users-with-messages-app-upgrade,0.306963,0.275166
Masimo  ( MASI )  Fights Politan in a Bid to Retain CEO on Board,Will Masimo (MASI) lose its CEO in its fight against activist investor Politan Capital Management? The company's management and employees want Joe Kiani to continue as the CEO.,https://www.zacks.com/stock/news/2297381/masimo-masi-fights-politan-in-a-bid-to-retain-ceo-on-board,0.296313,0.013726
Alphabet  ( GOOGL )  Boosts Android Efforts With App Upgrades,"Alphabet (GOOGL) boosts Android offerings with Google Photos app update, thereby strengthening its Google Services segment.",https://www.zacks.com/stock/news/2296985/alphabet-googl-boosts-android-efforts-with-app-upgrades,0.277433,0.254638
Vishay  ( VSH )  Expands Portfolio With Sprague TX3 Capacitors,Vishay (VSH) launches Vishay Sprague TX3 capacitors in a bid to boost its overall portfolio offerings.,https://www.zacks.com/stock/news/2296987/vishay-vsh-expands-portfolio-with-sprague-tx3-capacitors,0.270523,0.249697
"The Zacks Analyst Blog Highlights Apple, Meta, Tesla and Natural Health Trends","Apple, Meta, Tesla and Natural Health Trends are included in this Analyst Blog.",https://www.zacks.com/stock/news/2297086/the-zacks-analyst-blog-highlights-apple-meta-tesla-and-natural-health-trends,0.25726,0.221678
Elon Musk's X Faces EU Penalty Warning For Failing To Control Harmful Content - Meta Platforms  ( NASDAQ:META ) ,"The European Union is set to issue a formal warning to X, Elon Musk's social media platform ( formerly known as Twitter ) , for failing to tackle dangerous content. This marks the third significant action by EU regulators against major tech firms in recent weeks.",https://www.benzinga.com/news/24/07/39648446/elon-musks-x-faces-eu-penalty-warning-for-failing-to-control-harmful-content,0.25168,-0.527395
"Taiwan Semiconductor's Expansion in AI and 2nm Technology Set to Boost Future Growth, Analyst Says - Taiwan Semiconductor  ( NYSE:TSM ) ","Taiwan Semiconductor Manufacturing Co TSM will hold a press conference on July 18. As demand for generative AI continues to expand, UBS gave TSMC a ""Buy"" rating with a target price of 1,070 yuan.",https://www.benzinga.com/analyst-ratings/analyst-color/24/07/39621141/taiwan-semiconductors-expansion-in-ai-and-2nm-technology-set-to-boost-future-growth,0.249106,0.115978
Futures Mixed Ahead Of Imminent Jobs Report,Stock Market Today: Dow Jones Falls Ahead Of Imminent Jobs Report. Tesla Continues To Rally Investor's Business Daily ...,https://www.investors.com/market-trend/stock-market-today/dow-jones-sp500-nasdaq-jobs-report-tesla-stock-tsla/,0.205807,0.209807
"The Zacks Analyst Blog Highlights NVIDIA XLK, Microsoft and Apple","NVIDIA XLK, Microsoft and Apple are included in this Analyst Blog.",https://www.zacks.com/stock/news/2297098/the-zacks-analyst-blog-highlights-nvidia-xlk-microsoft-and-apple,0.192694,0.106656
Microsoft  ( MSFT )  Settles Discrimination Lawsuit in California,Microsoft (MSFT) reaches a $14.4 million settlement with California's Civil Rights Department over allegations of discrimination against employees on parental and disability leave.,https://www.zacks.com/stock/news/2296906/microsoft-msft-settles-discrimination-lawsuit-in-california,0.186738,0.103953
3 Incredible FAANG Stocks You'll Want to Consider Adding to Your Portfolio in July,"They're not creating the mania they used to, but these iconic names are still well worth owning.",https://www.fool.com/investing/2024/07/04/incredible-faang-stocks-add-to-portfolio-july/,0.181409,0.142018
"Market Clubhouse Morning Memo - July 5th, 2024  ( Trade Strategy For SPY, QQQ, AAPL, MSFT, NVDA, GOOGL, META And TSLA )  - Invesco QQQ Trust, Series 1  ( NASDAQ:QQQ ) ","Good Morning Traders! In today's Market Clubhouse Morning Memo, we will discuss SPY, QQQ, AAPL, MSFT, NVDA, GOOGL, META, and TSLA. Our proprietary formula, exclusive to Market Clubhouse, dictates these price levels. This dynamic equation takes into account price, volume, and options flow.",https://www.benzinga.com/markets/24/07/39647534/market-clubhouse-morning-memo-july-5th-2024-trade-strategy-for-spy-qqq-aapl-msft-nvda-googl-meta-and,0.158311,-0.064095
"Can Microsoft Stock Reach $1,000?","In this article, I delve into whether Microsoft's stock could potentially reach $1,000 per share. I analyze Microsoft's dominant market position, recent financial performance, growth catalysts, risks and expert opinions to evaluate the feasibility of this ambitious target.",https://www.forbes.com/sites/investor-hub/article/can-microsoft-stock-reach-1000/,0.154257,0.145945
Should Vanguard Large-Cap ETF  ( VV )  Be on Your Investing Radar?,Style Box ETF report for VV ...,https://www.zacks.com/stock/news/2297391/should-vanguard-large-cap-etf-vv-be-on-your-investing-radar,0.1331,0.071096
"Top Research Reports for Apple, Meta Platforms & Tesla","Today's Research Daily features new research reports on 16 major stocks, including Apple Inc. (AAPL), Meta Platforms, Inc. (META) and Tesla, Inc. (TSLA), as well as a micro-cap stock Natural Health Trends Corp. ...",https://www.zacks.com/research-daily/2296597/top-research-reports-for-apple-meta-platforms-tesla,0.132733,0.405935
"Single-Stock ETFs Beating the Market on Big ""Mag 7"" Wave",We have highlighted five single-stock ETFs that have outperformed the market so far this year. The solid trend is likely to continue in the second half as well.,https://www.zacks.com/stock/news/2297254/single-stock-etfs-beating-the-market-on-big-mag-7-wave,0.124809,0.176502
Stock Market Today: S&P 500 and Nasdaq Hit Records as Jobs Growth Slows,"Stocks ended a holiday-shortened trading week with fireworks after signs of a slowing labor market raised the odds of a Federal Reserve rate cut coming sooner rather than later. The cannonball in the market's pool Friday was the June jobs report, which revealed a still strong but cooling labor ...",https://www.kiplinger.com/investing/stocks/stock-market-today-sandp-500-and-nasdaq-hit-records-as-jobs-growth-slows,0.104228,-0.115968
Should You Buy Into Chipotle's 50-for-1 Stock Split? Maybe...,"Stock splits are meaningless from a valuation or business standpoint, but they can have a lot of emotional meaning for investors.",https://www.fool.com/investing/2024/07/05/should-you-buy-into-chipotles-50-for-1-stock-split/,0.102013,0.045103
Tech Bull Shares Top Stock Picks For Second Half Of 2024 After AI-Fueled Rally: Do You Own These Stocks?,"The technology sector, propelled by the impetus provided by artificial intelligence, was the driving force behind the first-half stock market rally. Despite growing fears of a correction, a bullish analyst suggested on Friday that the rally will go on unhindered.",https://markets.businessinsider.com/news/stocks/tech-bull-shares-top-stock-picks-for-second-half-of-2024-after-ai-fueled-rally-do-you-own-these-stocks-1033532096,0.098255,0.06545
"Tech Bull Shares Top Stock Picks For Second Half Of 2024 After AI-Fueled Rally: Do You Own These Stocks? - Invesco QQQ Trust, Series 1  ( NASDAQ:QQQ ) , SPDR Select Sector Fund - Technology  ( ARCA:XLK ) ","The technology sector, propelled by the impetus provided by artificial intelligence, was the driving force behind the first-half stock market rally. Despite growing fears of a correction, a bullish analyst suggested on Friday that the rally will go on unhindered.",https://www.benzinga.com/analyst-ratings/analyst-color/24/07/39646688/tech-bull-shares-top-stock-picks-for-second-half-of-2024-after-ai-fueled-rally-do-y,0.09439,0.067956
OpenAI's ChatGPT macOS App Had A Major Security Flaw: Conversations Were Stored In Plain Text,"OpenAI's recently launched ChatGPT macOS app for Apple Inc.'s Macs had a significant security vulnerability. The app was storing conversations in plain text, making them easily accessible to unauthorized users. OpenAI has since addressed and resolved this issue.",https://www.benzinga.com/news/24/07/39630828/openais-chatgpt-macos-app-had-a-major-security-flaw-conversations-were-stored-in-plain-text,0.092927,0.109595
5 ETF Predictions for the Second Half of 2024,We have highlighted five trends that may influence the market in the rest of the year.,https://www.zacks.com/stock/news/2297317/5-etf-predictions-for-the-second-half-of-2024,0.091046,0.138906
"Stocks Rally To Record Highs As Investors Eye Interest Rate Cuts; Labor Market Cools, Tesla Soars: This Week In The Markets","Stocks Rally To Record Highs As Investors Eye Interest Rate Cuts. Labor Market Cools, Tesla Soars: This Week In The ... - Markets Insider ...",https://markets.businessinsider.com/news/etf/stocks-rally-to-record-highs-as-investors-eye-interest-rate-cuts-labor-market-cools-tesla-soars-this-week-in-the-markets-1033533024,0.090134,0.205085
"Stocks Rally To Record Highs As Investors Eye Interest Rate Cuts; Labor Market Cools, Tesla Soars: This Week In The Markets - Invesco QQQ Trust, Series 1  ( NASDAQ:QQQ ) ","U.S. stocks once again reached all-time highs in the shortened trading week due to the Independence Day holiday, as the latest economic data bolstered investor confidence that the Federal Reserve may soon begin cutting interest rates. The U.S. job market showed a better-than-expected increase in ...",https://www.benzinga.com/markets/cryptocurrency/24/07/39652289/stocks-rally-to-record-highs-as-investors-eye-interest-rate-cuts-labor-market-cools-tesla-,0.088799,0.204464
"Will The Magnificent 7 Eclipse China's Economy In 2024? Here's What To Look For - Apple  ( NASDAQ:AAPL ) , Amazon.com  ( NASDAQ:AMZN ) ","A small number of technology companies, affectionately named the ""Magnificent 7,"" have accounted for an outsized portion of the SPDR S&P 500 ETF Trust SPY gains in 2024. Will it continue through the rest of the year? The Magnificent 7: The Magnificent 7 comprises seven mega-cap companies:",https://www.benzinga.com/markets/asia/24/07/39652085/will-the-magnificent-7-eclipse-chinas-economy-in-2024-heres-what-to-look-for,0.078611,-0.002041
5 ETFs That Witnessed Huge Capital Inflows in 1H,"Investors poured $406.1 billion into ETFs in the first half of 2024, double of $200.6 billion recorded in the year-ago period. U.S. equity ETFs led the way higher with $223.1 billion in inflows.",https://www.zacks.com/stock/news/2296901/5-etfs-that-witnessed-huge-capital-inflows-in-1h,0.077593,0.086526
The 2 Most Important Questions in Investing,Arm yourself with knowledge.,https://www.fool.com/investing/2024/07/05/the-2-most-important-questions-in-investing/,0.067064,0.063266
"2 ""Magnificent Seven"" Stocks to Buy Right Now",Alphabet and Meta Platforms are both excelling in their respective niches.,https://www.fool.com/investing/2024/07/05/2-magnificent-seven-stocks-to-buy-right-now/,0.065685,0.053348
3 AMG Mutual Funds for Remarkable Returns,"Invest in AMG mutual funds like CHTTX, FQUAX and MCGFX for substantial returns.",https://www.zacks.com/stock/news/2296809/3-amg-mutual-funds-for-remarkable-returns,0.064449,0.051029
A Bull Market Is Here: 2 Brilliant Stocks Down 41% and 51% to Buy Right Now,Looking for value plays in today's red-hot stock market? These industry-leading companies look like winners.,https://www.fool.com/investing/2024/07/03/a-bull-market-is-here-2-stocks-to-buy/,0.044304,0.263828
"Supercomputer Market size is set to grow by USD 33.45 billion from 2024-2028, Commercial customers increasingly ... - PR Newswire","Supercomputer Market size is set to grow by USD 33.45 billion from 2024-2028, Commercial customers increasingly ... PR ...",https://www.prnewswire.com/news-releases/supercomputer-market-size-is-set-to-grow-by-usd-33-45-billion-from-2024-2028--commercial-customers-increasingly-adopting-supercomputing-systems-to-boost-the-market-growth-technavio-302188185.html,0.035397,0.031454
"Smartphone Market size is set to grow by USD 77.05 billion from 2024-2028, Growing adoption of AI in smartphones ... - PR Newswire","Smartphone Market size is set to grow by USD 77.05 billion from 2024-2028, Growing adoption of AI in smartphones ... PR ...",https://www.prnewswire.com/news-releases/smartphone-market-size-is-set-to-grow-by-usd-77-05-billion-from-2024-2028--growing-adoption-of-ai-in-smartphones-boost-the-market-technavio-302189581.html,0.028626,0.03624
"Electric Guitar Market size is set to grow by USD 1.45 billion from 2024-2028, Growing demand for music-related leisure activities to boost the market growth, Technavio","NEW YORK, July 3, 2024 /PRNewswire/ -- The global electric guitar market size is estimated to grow by USD 1.45 billion from 2024-2028, according to Technavio. The market is estimated to grow at a CAGR of 10.43% during the forecast period.",https://www.benzinga.com/pressreleases/24/07/n39626359/electric-guitar-market-size-is-set-to-grow-by-usd-1-45-billion-from-2024-2028-growing-demand-for-m,0.027828,0.14948
The Top-Performing Actively Managed Funds of the Last Decade,"Past performance may be no guarantee of future results, but as any good detective knows, there's no such thing as a coincidence. In the same way, there's something to be said for a mutual fund with a good track record, especially over the past decade.",https://www.kiplinger.com/investing/the-top-performing-actively-managed-funds-of-the-last-decade,0.019978,0.166863
Chewy's Bounce and Amazon's Rise,We also chat with William Cohan from Puck about what's going on with Paramount Global.,https://www.fool.com/investing/2024/07/05/chewys-bounce-and-amazons-rise/,0.009199,0.037152
